{"cameraMode":{"drawMode":0,"name":"Shaded","section":"Shading Mode"},"sceneLighting":false,"audioPlay":false,"sceneViewState":{"showFog":true,"showMaterialUpdate":false,"showSkybox":false,"showFlares":true,"showImageEffects":true,"showParticleSystems":true},"in2DMode":false,"pivot":{"x":-0.8681367635726929,"y":4.50253963470459,"z":-2.985915422439575},"rotation":{"x":-0.6226993799209595,"y":-0.10401657968759537,"z":0.08399279415607453,"w":-0.7709833979606628},"size":4.743570804595947,"orthographic":false}