{"cameraMode":{"drawMode":0,"name":"Shaded","section":"Shading Mode"},"sceneLighting":false,"audioPlay":false,"sceneViewState":{"showFog":true,"showMaterialUpdate":false,"showSkybox":false,"showFlares":true,"showImageEffects":true,"showParticleSystems":true},"in2DMode":false,"pivot":{"x":-1.7855005264282227,"y":2.2518653869628908,"z":3.459390640258789},"rotation":{"x":0.12346383929252625,"y":-0.4007032513618469,"z":0.05457674339413643,"w":0.9062366485595703},"size":1.2310807704925538,"orthographic":false}