{"cameraMode":{"drawMode":0,"name":"Shaded","section":"Shading Mode"},"sceneLighting":false,"audioPlay":false,"sceneViewState":{"showFog":true,"showMaterialUpdate":false,"showSkybox":false,"showFlares":true,"showImageEffects":true,"showParticleSystems":true},"in2DMode":false,"pivot":{"x":1.8775248527526856,"y":2.003631591796875,"z":0.4892575144767761},"rotation":{"x":0.31758198142051699,"y":0.3808246850967407,"z":-0.14108499884605409,"w":0.8569120764732361},"size":3.145174741744995,"orthographic":false}