{"cameraMode":{"drawMode":0,"name":"Shaded","section":"Shading Mode"},"sceneLighting":false,"audioPlay":false,"sceneViewState":{"showFog":true,"showMaterialUpdate":false,"showSkybox":false,"showFlares":true,"showImageEffects":true,"showParticleSystems":true},"in2DMode":false,"pivot":{"x":-0.4599999785423279,"y":5.193999767303467,"z":-1.0179340839385987},"rotation":{"x":0.31758198142051699,"y":0.3808246850967407,"z":-0.14108499884605409,"w":0.8569120764732361},"size":1.8237733840942383,"orthographic":false}